seed,burned,fire_contacts_hand,fire_contacts_mouth,food_ingestions,water_ingestions,probe,group,contact,latency,min_dist,ticks_adjacent,reaches,aborted,inspects,pav_pain_first,touch_pain_first,max_fear,ingest_latency,ingestions
1,true,0,1,84,80,FIRE A,experienced,0,,3,0,0,0,6,0.2952,0.0069,0.1007,,0
1,true,0,1,84,80,FIRE A,naive,1,6,1,3,1,0,39,0.0000,0.0000,0.3464,,0
1,true,0,1,84,80,FIRE B,experienced,0,,1,1,0,0,10,0.2391,0.0045,0.3285,,0
1,true,0,1,84,80,FIRE B,naive,1,6,1,3,1,0,40,0.0000,0.0000,0.2670,6,1
1,true,0,1,84,80,HOT METAL,experienced,0,,1,61,2,2,2,0.0202,0.0002,0.4128,,0
1,true,0,1,84,80,HOT METAL,naive,1,6,1,3,1,0,51,0.0000,0.0000,0.2641,,0
1,true,0,1,84,80,ORANGE FLOWER,experienced,1,6,1,595,275,16,1,0.0635,0.0007,0.0736,6,205
1,true,0,1,84,80,ORANGE FLOWER,naive,1,6,1,418,112,38,9,0.0000,0.0000,0.0000,6,60
1,true,0,1,84,80,ROCK,experienced,1,6,1,596,276,8,0,0.0115,0.0001,0.0283,,0
1,true,0,1,84,80,ROCK,naive,1,6,1,377,104,33,13,0.0000,0.0000,0.0000,,0
1,true,0,1,84,80,FOOD,experienced,1,6,1,428,24,12,14,0.0172,0.0002,0.0283,6,8
1,true,0,1,84,80,FOOD,naive,1,6,1,527,48,17,21,0.0000,0.0000,0.0000,6,10
2,true,0,1,0,149,FIRE A,experienced,0,,3,0,0,0,3,0.3341,0.0656,0.1552,,0
2,true,0,1,0,149,FIRE A,naive,1,6,1,3,1,0,65,0.0000,0.0000,0.3761,,0
2,true,0,1,0,149,FIRE B,experienced,0,,3,0,0,0,5,0.1593,0.0279,0.1195,,0
2,true,0,1,0,149,FIRE B,naive,1,6,1,3,1,0,46,0.0000,0.0000,0.3050,6,1
2,true,0,1,0,149,HOT METAL,experienced,0,,1,18,0,0,5,0.0356,0.0030,0.2474,,0
2,true,0,1,0,149,HOT METAL,naive,1,6,1,3,1,0,107,0.0000,0.0000,0.2991,,0
2,true,0,1,0,149,ORANGE FLOWER,experienced,1,15,1,429,103,28,5,0.0891,0.0104,0.1020,15,72
2,true,0,1,0,149,ORANGE FLOWER,naive,1,6,1,458,145,37,16,0.0000,0.0000,0.0000,6,88
2,true,0,1,0,149,ROCK,experienced,1,15,1,419,105,30,10,0.0479,0.0059,0.0612,,0
2,true,0,1,0,149,ROCK,naive,1,6,1,461,141,33,11,0.0000,0.0000,0.0000,,0
2,true,0,1,0,149,FOOD,experienced,1,6,1,355,27,12,18,0.0520,0.0032,0.0657,6,7
2,true,0,1,0,149,FOOD,naive,1,6,1,133,27,3,9,0.0000,0.0000,0.0000,6,12
3,true,0,1,89,61,FIRE A,experienced,0,,3,0,0,0,12,0.2979,0.0558,0.0926,,0
3,true,0,1,89,61,FIRE A,naive,1,6,1,3,1,0,12,0.0000,0.0000,0.2610,,0
3,true,0,1,89,61,FIRE B,experienced,0,,1,3,0,0,12,0.2718,0.0469,0.2828,,0
3,true,0,1,89,61,FIRE B,naive,1,6,1,3,1,0,28,0.0000,0.0000,0.2174,6,1
3,true,0,1,89,61,HOT METAL,experienced,0,,1,145,8,8,0,0.0201,0.0014,0.3828,,0
3,true,0,1,89,61,HOT METAL,naive,1,6,1,3,1,0,38,0.0000,0.0000,0.2049,,0
3,true,0,1,89,61,ORANGE FLOWER,experienced,1,6,1,594,265,10,1,0.0509,0.0047,0.0497,6,209
3,true,0,1,89,61,ORANGE FLOWER,naive,1,6,1,458,117,38,22,0.0000,0.0000,0.0000,6,63
3,true,0,1,89,61,ROCK,experienced,1,6,1,594,266,10,1,0.0234,0.0016,0.0263,,0
3,true,0,1,89,61,ROCK,naive,1,6,1,448,115,35,20,0.0000,0.0000,0.0000,,0
3,true,0,1,89,61,FOOD,experienced,1,6,1,392,44,20,29,0.0254,0.0012,0.0267,6,7
3,true,0,1,89,61,FOOD,naive,1,6,1,441,66,27,33,0.0000,0.0000,0.0000,6,9
4,true,0,1,86,69,FIRE A,experienced,0,,3,0,0,0,2,0.4008,0.0541,0.1405,,0
4,true,0,1,86,69,FIRE A,naive,1,6,1,3,1,0,40,0.0000,0.0000,0.3618,,0
4,true,0,1,86,69,FIRE B,experienced,0,,1,1,0,0,11,0.3292,0.0374,0.3279,,0
4,true,0,1,86,69,FIRE B,naive,1,6,1,3,1,0,57,0.0000,0.0000,0.2972,6,1
4,true,0,1,86,69,HOT METAL,experienced,0,,1,79,2,2,3,0.0285,0.0017,0.3953,,0
4,true,0,1,86,69,HOT METAL,naive,1,6,1,3,1,0,87,0.0000,0.0000,0.2803,,0
4,true,0,1,86,69,ORANGE FLOWER,experienced,1,6,1,597,277,7,0,0.0671,0.0046,0.0764,6,212
4,true,0,1,86,69,ORANGE FLOWER,naive,1,6,1,405,106,29,19,0.0000,0.0000,0.0000,6,60
4,true,0,1,86,69,ROCK,experienced,1,6,1,597,279,7,0,0.0321,0.0020,0.0415,,0
4,true,0,1,86,69,ROCK,naive,1,6,1,405,105,29,17,0.0000,0.0000,0.0000,,0
4,true,0,1,86,69,FOOD,experienced,1,6,1,373,45,13,17,0.0227,0.0012,0.0415,6,7
4,true,0,1,86,69,FOOD,naive,1,6,1,448,53,20,29,0.0000,0.0000,0.0000,6,8
5,true,0,1,0,95,FIRE A,experienced,0,,3,0,0,0,2,0.3789,0.1600,0.1108,,0
5,true,0,1,0,95,FIRE A,naive,1,6,1,3,1,0,22,0.0000,0.0000,0.2882,,0
5,true,0,1,0,95,FIRE B,experienced,0,,3,0,0,0,4,0.3287,0.1421,0.1062,,0
5,true,0,1,0,95,FIRE B,naive,1,6,1,3,1,0,21,0.0000,0.0000,0.2207,6,1
5,true,0,1,0,95,HOT METAL,experienced,0,,1,20,0,0,6,0.0537,0.0095,0.2236,,0
5,true,0,1,0,95,HOT METAL,naive,1,6,1,3,1,0,40,0.0000,0.0000,0.2129,,0
5,true,0,1,0,95,ORANGE FLOWER,experienced,1,44,1,352,59,18,10,0.0982,0.0241,0.0984,44,34
5,true,0,1,0,95,ORANGE FLOWER,naive,1,6,1,448,96,22,10,0.0000,0.0000,0.0000,6,57
5,true,0,1,0,95,ROCK,experienced,1,214,1,288,35,14,14,0.0892,0.0169,0.0878,,0
5,true,0,1,0,95,ROCK,naive,1,6,1,445,94,22,10,0.0000,0.0000,0.0000,,0
5,true,0,1,0,95,FOOD,experienced,1,7,1,378,27,10,11,0.0686,0.0097,0.0717,7,7
5,true,0,1,0,95,FOOD,naive,1,6,1,430,46,12,14,0.0000,0.0000,0.0000,6,8
6,true,0,1,84,774,FIRE A,experienced,0,,3,0,0,0,5,0.3465,0.0083,0.1075,,0
6,true,0,1,84,774,FIRE A,naive,1,6,1,3,1,0,33,0.0000,0.0000,0.3138,,0
6,true,0,1,84,774,FIRE B,experienced,0,,1,1,0,0,9,0.1574,0.0031,0.2333,,0
6,true,0,1,84,774,FIRE B,naive,1,6,1,3,1,0,34,0.0000,0.0000,0.2407,6,1
6,true,0,1,84,774,HOT METAL,experienced,0,,1,82,2,2,2,0.0285,0.0002,0.4083,,0
6,true,0,1,84,774,HOT METAL,naive,1,6,1,4,1,0,51,0.0000,0.0000,0.4177,,0
6,true,0,1,84,774,ORANGE FLOWER,experienced,1,6,1,578,259,12,6,0.0821,0.0009,0.0881,6,196
6,true,0,1,84,774,ORANGE FLOWER,naive,1,6,1,419,107,29,15,0.0000,0.0000,0.0000,6,61
6,true,0,1,84,774,ROCK,experienced,1,6,1,583,262,11,4,0.0544,0.0004,0.0625,,0
6,true,0,1,84,774,ROCK,naive,1,6,1,371,91,22,16,0.0000,0.0000,0.0000,,0
6,true,0,1,84,774,FOOD,experienced,1,6,1,279,19,7,21,0.0219,0.0002,0.0329,6,7
6,true,0,1,84,774,FOOD,naive,1,6,1,495,49,22,17,0.0000,0.0000,0.0000,6,8
7,true,0,1,0,102,FIRE A,experienced,0,,2,0,0,0,2,0.4054,0.1671,0.3051,,0
7,true,0,1,0,102,FIRE A,naive,1,6,1,3,1,0,44,0.0000,0.0000,0.2957,,0
7,true,0,1,0,102,FIRE B,experienced,0,,2,0,0,0,5,0.2368,0.0894,0.2413,,0
7,true,0,1,0,102,FIRE B,naive,1,6,1,3,1,0,49,0.0000,0.0000,0.2444,6,1
7,true,0,1,0,102,HOT METAL,experienced,0,,1,26,1,1,5,0.0474,0.0076,0.3873,,0
7,true,0,1,0,102,HOT METAL,naive,1,6,1,3,1,0,65,0.0000,0.0000,0.2396,,0
7,true,0,1,0,102,ORANGE FLOWER,experienced,1,61,1,439,91,31,10,0.0846,0.0185,0.0945,61,53
7,true,0,1,0,102,ORANGE FLOWER,naive,1,6,1,373,91,21,12,0.0000,0.0000,0.0000,6,54
7,true,0,1,0,102,ROCK,experienced,1,88,1,384,40,20,7,0.0796,0.0139,0.0834,,0
7,true,0,1,0,102,ROCK,naive,1,6,1,371,91,22,15,0.0000,0.0000,0.0000,,0
7,true,0,1,0,102,FOOD,experienced,1,8,1,303,26,13,13,0.0665,0.0084,0.0695,8,7
7,true,0,1,0,102,FOOD,naive,1,6,0,418,53,17,16,0.0000,0.0000,0.0000,6,12
8,true,0,1,84,67,FIRE A,experienced,0,,3,0,0,0,1,0.3145,0.0264,0.0930,,0
8,true,0,1,84,67,FIRE A,naive,1,6,1,3,1,0,50,0.0000,0.0000,0.2404,,0
8,true,0,1,84,67,FIRE B,experienced,0,,2,0,0,0,9,0.2632,0.0193,0.1711,,0
8,true,0,1,84,67,FIRE B,naive,1,6,1,3,1,0,34,0.0000,0.0000,0.2090,6,1
8,true,0,1,84,67,HOT METAL,experienced,0,,1,62,1,1,2,0.0223,0.0007,0.2652,,0
8,true,0,1,84,67,HOT METAL,naive,1,6,1,4,1,0,57,0.0000,0.0000,0.2896,,0
8,true,0,1,84,67,ORANGE FLOWER,experienced,1,6,1,577,252,21,5,0.0775,0.0032,0.0777,6,200
8,true,0,1,84,67,ORANGE FLOWER,naive,1,6,1,395,101,29,19,0.0000,0.0000,0.0000,6,57
8,true,0,1,84,67,ROCK,experienced,1,6,1,589,260,10,1,0.0247,0.0007,0.0514,,0
8,true,0,1,84,67,ROCK,naive,1,6,1,382,97,29,18,0.0000,0.0000,0.0000,,0
8,true,0,1,84,67,FOOD,experienced,1,6,1,277,21,10,12,0.0252,0.0005,0.0514,6,7
8,true,0,1,84,67,FOOD,naive,1,6,1,452,51,20,31,0.0000,0.0000,0.0000,6,9
9,true,0,1,89,77,FIRE A,experienced,0,,3,0,0,0,1,0.4636,0.0078,0.1773,,0
9,true,0,1,89,77,FIRE A,naive,1,6,1,3,1,0,42,0.0000,0.0000,0.4118,,0
9,true,0,1,89,77,FIRE B,experienced,0,,2,0,0,0,11,0.3664,0.0052,0.3065,,0
9,true,0,1,89,77,FIRE B,naive,1,6,1,3,1,0,64,0.0000,0.0000,0.3445,6,1
9,true,0,1,89,77,HOT METAL,experienced,0,,1,26,1,1,2,0.0275,0.0001,0.4021,,0
9,true,0,1,89,77,HOT METAL,naive,1,6,1,3,1,0,116,0.0000,0.0000,0.3159,,0
9,true,0,1,89,77,ORANGE FLOWER,experienced,1,6,1,587,260,16,3,0.0781,0.0006,0.0961,6,200
9,true,0,1,89,77,ORANGE FLOWER,naive,1,6,1,463,99,25,13,0.0000,0.0000,0.0000,6,56
9,true,0,1,89,77,ROCK,experienced,1,6,1,590,256,14,2,0.0375,0.0001,0.0539,,0
9,true,0,1,89,77,ROCK,naive,1,6,1,451,98,24,15,0.0000,0.0000,0.0000,,0
9,true,0,1,89,77,FOOD,experienced,1,6,1,350,23,10,19,0.0221,0.0001,0.0483,6,7
9,true,0,1,89,77,FOOD,naive,1,6,1,469,55,20,22,0.0000,0.0000,0.0000,6,8
10,true,1,0,90,103,FIRE A,experienced,0,,2,0,0,0,4,0.4210,0.4072,0.3114,,0
10,true,1,0,90,103,FIRE A,naive,1,6,1,3,1,0,29,0.0000,0.0000,0.3716,,0
10,true,1,0,90,103,FIRE B,experienced,0,,1,4,0,0,9,0.2032,0.2112,0.4774,,0
10,true,1,0,90,103,FIRE B,naive,1,6,1,3,1,0,58,0.0000,0.0000,0.3181,6,1
10,true,1,0,90,103,HOT METAL,experienced,0,,1,103,2,2,0,0.0301,0.0426,0.4123,,0
10,true,1,0,90,103,HOT METAL,naive,1,6,1,3,1,0,88,0.0000,0.0000,0.2747,,0
10,true,1,0,90,103,ORANGE FLOWER,experienced,1,7,1,594,280,13,0,0.0768,0.0884,0.0870,7,259
10,true,1,0,90,103,ORANGE FLOWER,naive,1,6,1,416,111,35,17,0.0000,0.0000,0.0000,6,59
10,true,1,0,90,103,ROCK,experienced,1,7,1,595,280,7,0,0.0323,0.0492,0.0413,,0
10,true,1,0,90,103,ROCK,naive,1,6,1,424,110,39,17,0.0000,0.0000,0.0000,,0
10,true,1,0,90,103,FOOD,experienced,1,6,1,372,17,8,15,0.0255,0.0410,0.0385,6,8
10,true,1,0,90,103,FOOD,naive,1,6,1,311,36,8,11,0.0000,0.0000,0.0000,6,12
11,true,0,1,84,143,FIRE A,experienced,0,,2,0,0,0,6,0.2940,0.0051,0.1927,,0
11,true,0,1,84,143,FIRE A,naive,1,6,1,3,1,0,60,0.0000,0.0000,0.2845,,0
11,true,0,1,84,143,FIRE B,experienced,0,,1,3,0,0,11,0.1529,0.0019,0.3464,,0
11,true,0,1,84,143,FIRE B,naive,1,6,1,3,1,0,44,0.0000,0.0000,0.2250,6,1
11,true,0,1,84,143,HOT METAL,experienced,0,,1,131,7,7,0,0.0213,0.0001,0.3218,,0
11,true,0,1,84,143,HOT METAL,naive,1,6,1,3,1,0,64,0.0000,0.0000,0.2210,,0
11,true,0,1,84,143,ORANGE FLOWER,experienced,1,6,1,587,266,19,6,0.0543,0.0005,0.0631,6,197
11,true,0,1,84,143,ORANGE FLOWER,naive,1,6,1,451,112,31,17,0.0000,0.0000,0.0000,6,62
11,true,0,1,84,143,ROCK,experienced,1,6,1,589,268,17,5,0.0206,0.0001,0.0267,,0
11,true,0,1,84,143,ROCK,naive,1,6,1,420,109,32,15,0.0000,0.0000,0.0000,,0
11,true,0,1,84,143,FOOD,experienced,1,6,1,379,27,11,23,0.0173,0.0001,0.0267,6,8
11,true,0,1,84,143,FOOD,naive,1,6,1,498,61,24,33,0.0000,0.0000,0.0000,6,9
12,true,0,1,84,103,FIRE A,experienced,0,,3,0,0,0,5,0.3471,0.0658,0.0955,,0
12,true,0,1,84,103,FIRE A,naive,1,6,1,3,1,0,46,0.0000,0.0000,0.2441,,0
12,true,0,1,84,103,FIRE B,experienced,0,,1,3,0,0,10,0.1800,0.0281,0.3077,,0
12,true,0,1,84,103,FIRE B,naive,1,6,1,3,1,0,47,0.0000,0.0000,0.2039,6,1
12,true,0,1,84,103,HOT METAL,experienced,0,,1,129,7,7,1,0.0312,0.0021,0.3300,,0
12,true,0,1,84,103,HOT METAL,naive,1,6,1,3,1,0,50,0.0000,0.0000,0.1887,,0
12,true,0,1,84,103,ORANGE FLOWER,experienced,1,6,1,595,276,7,1,0.0735,0.0070,0.0723,6,221
12,true,0,1,84,103,ORANGE FLOWER,naive,1,6,1,461,89,18,15,0.0000,0.0000,0.0000,6,58
12,true,0,1,84,103,ROCK,experienced,1,6,1,595,281,8,0,0.0347,0.0030,0.0341,,0
12,true,0,1,84,103,ROCK,naive,1,6,1,410,87,19,14,0.0000,0.0000,0.0000,,0
12,true,0,1,84,103,FOOD,experienced,1,6,1,284,19,7,15,0.0290,0.0020,0.0295,6,7
12,true,0,1,84,103,FOOD,naive,1,6,1,426,34,10,29,0.0000,0.0000,0.0000,6,8
13,true,0,1,84,72,FIRE A,experienced,0,,2,0,0,0,10,0.3790,0.0828,0.2522,,0
13,true,0,1,84,72,FIRE A,naive,1,6,1,3,1,0,110,0.0000,0.0000,0.3100,,0
13,true,0,1,84,72,FIRE B,experienced,0,,1,2,0,0,15,0.3161,0.0588,0.2609,,0
13,true,0,1,84,72,FIRE B,naive,1,6,1,3,1,0,84,0.0000,0.0000,0.2595,6,1
13,true,0,1,84,72,HOT METAL,experienced,0,,1,148,4,4,0,0.0318,0.0029,0.4150,,0
13,true,0,1,84,72,HOT METAL,naive,1,6,1,3,1,0,88,0.0000,0.0000,0.2289,,0
13,true,0,1,84,72,ORANGE FLOWER,experienced,1,7,1,595,268,4,1,0.0717,0.0077,0.0775,7,220
13,true,0,1,84,72,ORANGE FLOWER,naive,1,6,1,481,146,46,23,0.0000,0.0000,0.0000,6,75
13,true,0,1,84,72,ROCK,experienced,1,7,1,596,267,3,1,0.0377,0.0040,0.0448,,0
13,true,0,1,84,72,ROCK,naive,1,6,1,456,140,42,21,0.0000,0.0000,0.0000,,0
13,true,0,1,84,72,FOOD,experienced,1,6,1,383,41,24,23,0.0272,0.0020,0.0359,6,7
13,true,0,1,84,72,FOOD,naive,1,6,0,445,75,30,25,0.0000,0.0000,0.0000,6,12
14,true,1,0,84,68,FIRE A,experienced,0,,3,0,0,0,2,0.4436,0.4332,0.1542,,0
14,true,1,0,84,68,FIRE A,naive,1,6,1,3,1,0,29,0.0000,0.0000,0.3800,,0
14,true,1,0,84,68,FIRE B,experienced,0,,1,4,0,0,6,0.3318,0.3274,0.5284,,0
14,true,1,0,84,68,FIRE B,naive,1,6,1,3,1,0,37,0.0000,0.0000,0.3037,6,1
14,true,1,0,84,68,HOT METAL,experienced,0,,1,63,2,2,3,0.0325,0.0437,0.4317,,0
14,true,1,0,84,68,HOT METAL,naive,1,6,1,3,1,0,51,0.0000,0.0000,0.3172,,0
14,true,1,0,84,68,ORANGE FLOWER,experienced,1,6,1,590,275,19,2,0.0953,0.1052,0.1098,6,251
14,true,1,0,84,68,ORANGE FLOWER,naive,1,6,1,385,103,44,11,0.0000,0.0000,0.0000,6,49
14,true,1,0,84,68,ROCK,experienced,1,6,1,593,270,15,1,0.0379,0.0491,0.0526,,0
14,true,1,0,84,68,ROCK,naive,1,6,1,392,102,43,10,0.0000,0.0000,0.0000,,0
14,true,1,0,84,68,FOOD,experienced,1,6,1,356,20,13,14,0.0236,0.0363,0.0463,6,7
14,true,1,0,84,68,FOOD,naive,1,6,1,465,54,30,25,0.0000,0.0000,0.0000,6,8
15,true,0,1,83,744,FIRE A,experienced,0,,2,0,0,0,15,0.1934,0.0016,0.1868,,0
15,true,0,1,83,744,FIRE A,naive,1,6,1,3,1,0,42,0.0000,0.0000,0.3545,,0
15,true,0,1,83,744,FIRE B,experienced,0,,1,14,0,0,8,0.1044,0.0008,0.3644,,0
15,true,0,1,83,744,FIRE B,naive,1,6,1,3,1,0,36,0.0000,0.0000,0.2862,6,1
15,true,0,1,83,744,HOT METAL,experienced,0,,1,114,11,11,1,0.0259,0.0001,0.4412,,0
15,true,0,1,83,744,HOT METAL,naive,1,6,1,3,1,0,62,0.0000,0.0000,0.2790,,0
15,true,0,1,83,744,ORANGE FLOWER,experienced,1,6,1,597,290,2,0,0.0466,0.0002,0.0637,6,286
15,true,0,1,83,744,ORANGE FLOWER,naive,1,6,1,449,119,23,17,0.0000,0.0000,0.0000,6,76
15,true,0,1,83,744,ROCK,experienced,1,6,1,596,290,5,0,0.0518,0.0001,0.0637,,0
15,true,0,1,83,744,ROCK,naive,1,6,1,420,121,27,19,0.0000,0.0000,0.0000,,0
15,true,0,1,83,744,FOOD,experienced,1,6,1,285,14,3,19,0.0326,0.0001,0.0637,6,7
15,true,0,1,83,744,FOOD,naive,1,6,1,479,61,20,24,0.0000,0.0000,0.0000,6,8
16,true,0,1,0,60,FIRE A,experienced,0,,2,0,0,0,25,0.4176,0.3375,0.3261,,0
16,true,0,1,0,60,FIRE A,naive,1,6,1,3,1,0,18,0.0000,0.0000,0.3315,,0
16,true,0,1,0,60,FIRE B,experienced,0,,2,0,0,0,28,0.3446,0.2764,0.2677,,0
16,true,0,1,0,60,FIRE B,naive,1,6,1,3,1,0,16,0.0000,0.0000,0.2632,6,1
16,true,0,1,0,60,HOT METAL,experienced,0,,1,15,1,1,7,0.0634,0.0328,0.4007,,0
16,true,0,1,0,60,HOT METAL,naive,1,6,1,3,1,0,27,0.0000,0.0000,0.2524,,0
16,true,0,1,0,60,ORANGE FLOWER,experienced,0,,1,12,1,1,7,0.1337,0.0872,0.1429,,0
16,true,0,1,0,60,ORANGE FLOWER,naive,1,6,1,398,94,20,10,0.0000,0.0000,0.0000,6,57
16,true,0,1,0,60,ROCK,experienced,1,33,1,97,5,3,6,0.1007,0.0490,0.1160,,0
16,true,0,1,0,60,ROCK,naive,1,6,1,394,93,19,9,0.0000,0.0000,0.0000,,0
16,true,0,1,0,60,FOOD,experienced,1,6,1,275,18,3,15,0.0785,0.0308,0.0955,6,7
16,true,0,1,0,60,FOOD,naive,1,6,1,434,45,9,20,0.0000,0.0000,0.0000,6,10
17,true,0,1,88,85,FIRE A,experienced,0,,4,0,0,0,4,0.3473,0.1115,0.0514,,0
17,true,0,1,88,85,FIRE A,naive,1,6,1,3,1,0,19,0.0000,0.0000,0.3592,,0
17,true,0,1,88,85,FIRE B,experienced,0,,2,0,0,0,10,0.1531,0.0454,0.2297,,0
17,true,0,1,88,85,FIRE B,naive,1,6,1,3,1,0,29,0.0000,0.0000,0.3206,6,1
17,true,0,1,88,85,HOT METAL,experienced,0,,1,35,1,1,1,0.0285,0.0047,0.4246,,0
17,true,0,1,88,85,HOT METAL,naive,1,6,1,3,1,0,49,0.0000,0.0000,0.2895,,0
17,true,0,1,88,85,ORANGE FLOWER,experienced,1,7,1,585,262,11,1,0.0837,0.0169,0.1042,7,190
17,true,0,1,88,85,ORANGE FLOWER,naive,1,6,1,358,87,30,14,0.0000,0.0000,0.0000,6,43
17,true,0,1,88,85,ROCK,experienced,1,6,1,594,276,9,0,0.0351,0.0081,0.0466,,0
17,true,0,1,88,85,ROCK,naive,1,6,1,359,86,28,13,0.0000,0.0000,0.0000,,0
17,true,0,1,88,85,FOOD,experienced,1,6,1,327,29,12,21,0.0213,0.0037,0.0433,6,8
17,true,0,1,88,85,FOOD,naive,1,6,1,391,49,23,28,0.0000,0.0000,0.0000,6,9
18,true,0,1,84,52,FIRE A,experienced,0,,2,0,0,0,4,0.3812,0.1260,0.2075,,0
18,true,0,1,84,52,FIRE A,naive,1,6,1,3,1,0,26,0.0000,0.0000,0.2295,,0
18,true,0,1,84,52,FIRE B,experienced,0,,1,4,0,0,10,0.1868,0.0481,0.3505,,0
18,true,0,1,84,52,FIRE B,naive,1,6,1,3,1,0,20,0.0000,0.0000,0.1970,6,1
18,true,0,1,84,52,HOT METAL,experienced,0,,1,132,6,6,0,0.0339,0.0047,0.3734,,0
18,true,0,1,84,52,HOT METAL,naive,1,6,1,6,1,0,47,0.0000,0.0000,0.3201,,0
18,true,0,1,84,52,ORANGE FLOWER,experienced,1,6,1,593,268,19,1,0.0842,0.0159,0.0992,6,215
18,true,0,1,84,52,ORANGE FLOWER,naive,1,6,1,336,81,22,12,0.0000,0.0000,0.0000,6,48
18,true,0,1,84,52,ROCK,experienced,1,6,1,593,256,15,0,0.0586,0.0078,0.0992,,0
18,true,0,1,84,52,ROCK,naive,1,6,1,333,81,22,10,0.0000,0.0000,0.0000,,0
18,true,0,1,84,52,FOOD,experienced,1,6,1,328,31,17,22,0.0247,0.0031,0.0992,6,7
18,true,0,1,84,52,FOOD,naive,1,6,1,426,39,20,27,0.0000,0.0000,0.0000,6,8
19,true,0,1,84,111,FIRE A,experienced,0,,2,0,0,0,5,0.3913,0.0212,0.2546,,0
19,true,0,1,84,111,FIRE A,naive,1,6,1,3,1,0,26,0.0000,0.0000,0.2637,,0
19,true,0,1,84,111,FIRE B,experienced,0,,1,2,0,0,6,0.1660,0.0061,0.3341,,0
19,true,0,1,84,111,FIRE B,naive,1,6,1,3,1,0,25,0.0000,0.0000,0.2297,6,1
19,true,0,1,84,111,HOT METAL,experienced,0,,1,73,2,2,4,0.0218,0.0004,0.3346,,0
19,true,0,1,84,111,HOT METAL,naive,1,6,1,3,1,0,37,0.0000,0.0000,0.2063,,0
19,true,0,1,84,111,ORANGE FLOWER,experienced,1,7,1,591,262,15,0,0.0787,0.0020,0.0765,7,196
19,true,0,1,84,111,ORANGE FLOWER,naive,1,6,1,405,96,29,16,0.0000,0.0000,0.0000,6,51
19,true,0,1,84,111,ROCK,experienced,1,6,1,590,268,15,0,0.0262,0.0004,0.0314,,0
19,true,0,1,84,111,ROCK,naive,1,6,1,404,96,29,16,0.0000,0.0000,0.0000,,0
19,true,0,1,84,111,FOOD,experienced,1,6,1,395,18,3,11,0.0157,0.0003,0.0314,6,8
19,true,0,1,84,111,FOOD,naive,1,6,1,498,48,19,18,0.0000,0.0000,0.0000,6,9
20,true,0,1,0,115,FIRE A,experienced,0,,2,0,0,0,4,0.3553,0.1038,0.2544,,0
20,true,0,1,0,115,FIRE A,naive,1,6,1,3,1,0,63,0.0000,0.0000,0.3495,,0
20,true,0,1,0,115,FIRE B,experienced,0,,2,0,0,0,8,0.3030,0.0920,0.2288,,0
20,true,0,1,0,115,FIRE B,naive,1,6,1,3,1,0,67,0.0000,0.0000,0.2849,6,1
20,true,0,1,0,115,HOT METAL,experienced,0,,1,30,3,3,2,0.0504,0.0057,0.3681,,0
20,true,0,1,0,115,HOT METAL,naive,1,6,1,3,1,0,93,0.0000,0.0000,0.2546,,0
20,true,0,1,0,115,ORANGE FLOWER,experienced,1,10,1,470,114,50,18,0.0862,0.0133,0.0948,10,55
20,true,0,1,0,115,ORANGE FLOWER,naive,1,6,1,427,123,47,24,0.0000,0.0000,0.0000,6,59
20,true,0,1,0,115,ROCK,experienced,1,80,1,346,45,34,16,0.0815,0.0103,0.0869,,0
20,true,0,1,0,115,ROCK,naive,1,6,1,420,120,44,21,0.0000,0.0000,0.0000,,0
20,true,0,1,0,115,FOOD,experienced,1,6,1,404,31,17,22,0.0652,0.0064,0.0710,6,7
20,true,0,1,0,115,FOOD,naive,1,6,1,465,58,29,30,0.0000,0.0000,0.0000,6,8
21,true,0,1,88,62,FIRE A,experienced,0,,3,0,0,0,6,0.4060,0.0672,0.1414,,0
21,true,0,1,88,62,FIRE A,naive,1,6,1,3,1,0,54,0.0000,0.0000,0.3577,,0
21,true,0,1,88,62,FIRE B,experienced,0,,2,0,0,0,12,0.3065,0.0453,0.2524,,0
21,true,0,1,88,62,FIRE B,naive,1,6,1,3,1,0,34,0.0000,0.0000,0.2749,6,1
21,true,0,1,88,62,HOT METAL,experienced,0,,1,95,3,3,2,0.0271,0.0020,0.4401,,0
21,true,0,1,88,62,HOT METAL,naive,1,6,1,3,1,0,70,0.0000,0.0000,0.2740,,0
21,true,0,1,88,62,ORANGE FLOWER,experienced,1,6,1,594,269,11,2,0.0828,0.0071,0.0947,6,224
21,true,0,1,88,62,ORANGE FLOWER,naive,1,6,1,396,103,27,16,0.0000,0.0000,0.0000,6,60
21,true,0,1,88,62,ROCK,experienced,1,6,1,595,272,6,2,0.0286,0.0030,0.0383,,0
21,true,0,1,88,62,ROCK,naive,1,6,1,367,97,23,17,0.0000,0.0000,0.0000,,0
21,true,0,1,88,62,FOOD,experienced,1,6,1,427,30,15,25,0.0239,0.0014,0.0371,6,7
21,true,0,1,88,62,FOOD,naive,1,6,1,480,52,23,29,0.0000,0.0000,0.0000,6,8
22,true,0,1,84,72,FIRE A,experienced,0,,2,0,0,0,3,0.3933,0.0075,0.2859,,0
22,true,0,1,84,72,FIRE A,naive,1,6,1,3,1,0,69,0.0000,0.0000,0.3506,,0
22,true,0,1,84,72,FIRE B,experienced,0,,2,0,0,0,16,0.3196,0.0053,0.2621,,0
22,true,0,1,84,72,FIRE B,naive,1,6,1,3,1,0,71,0.0000,0.0000,0.2839,6,1
22,true,0,1,84,72,HOT METAL,experienced,0,,1,49,1,1,5,0.0241,0.0002,0.3288,,0
22,true,0,1,84,72,HOT METAL,naive,1,6,1,3,1,0,65,0.0000,0.0000,0.2726,,0
22,true,0,1,84,72,ORANGE FLOWER,experienced,1,6,1,588,266,19,5,0.0618,0.0006,0.0712,6,204
22,true,0,1,84,72,ORANGE FLOWER,naive,1,6,1,416,105,39,17,0.0000,0.0000,0.0000,6,48
22,true,0,1,84,72,ROCK,experienced,1,6,1,591,269,14,3,0.0231,0.0001,0.0424,,0
22,true,0,1,84,72,ROCK,naive,1,6,1,407,101,37,16,0.0000,0.0000,0.0000,,0
22,true,0,1,84,72,FOOD,experienced,1,6,1,199,23,10,32,0.0206,0.0002,0.0424,6,7
22,true,0,1,84,72,FOOD,naive,1,6,1,471,62,32,33,0.0000,0.0000,0.0000,6,8
23,true,0,1,90,130,FIRE A,experienced,0,,3,0,0,0,3,0.3386,0.0184,0.1478,,0
23,true,0,1,90,130,FIRE A,naive,1,6,1,3,1,0,29,0.0000,0.0000,0.3638,,0
23,true,0,1,90,130,FIRE B,experienced,0,,2,0,0,0,7,0.1521,0.0073,0.2691,,0
23,true,0,1,90,130,FIRE B,naive,1,6,1,3,1,0,34,0.0000,0.0000,0.3170,6,1
23,true,0,1,90,130,HOT METAL,experienced,0,,1,55,1,1,3,0.0283,0.0006,0.3669,,0
23,true,0,1,90,130,HOT METAL,naive,1,6,1,3,1,0,42,0.0000,0.0000,0.2704,,0
23,true,0,1,90,130,ORANGE FLOWER,experienced,1,6,1,593,275,9,2,0.0648,0.0018,0.0711,6,214
23,true,0,1,90,130,ORANGE FLOWER,naive,1,6,1,431,104,21,16,0.0000,0.0000,0.0000,6,62
23,true,0,1,90,130,ROCK,experienced,1,6,1,593,272,8,2,0.0345,0.0011,0.0441,,0
23,true,0,1,90,130,ROCK,naive,1,6,1,416,104,25,14,0.0000,0.0000,0.0000,,0
23,true,0,1,90,130,FOOD,experienced,1,6,1,398,31,14,13,0.0253,0.0005,0.0441,6,7
23,true,0,1,90,130,FOOD,naive,1,6,1,422,67,27,23,0.0000,0.0000,0.0000,6,8
24,true,0,1,0,112,FIRE A,experienced,0,,2,0,0,0,6,0.2961,0.1111,0.1885,,0
24,true,0,1,0,112,FIRE A,naive,1,6,1,3,1,0,40,0.0000,0.0000,0.2491,,0
24,true,0,1,0,112,FIRE B,experienced,0,,2,0,0,0,12,0.1473,0.0468,0.1632,,0
24,true,0,1,0,112,FIRE B,naive,1,6,1,3,1,0,45,0.0000,0.0000,0.2009,6,1
24,true,0,1,0,112,HOT METAL,experienced,0,,1,61,4,4,8,0.0400,0.0052,0.2488,,0
24,true,0,1,0,112,HOT METAL,naive,1,6,1,4,1,0,65,0.0000,0.0000,0.3485,,0
24,true,0,1,0,112,ORANGE FLOWER,experienced,1,6,1,522,176,30,5,0.0766,0.0144,0.0732,6,137
24,true,0,1,0,112,ORANGE FLOWER,naive,1,6,1,454,129,27,22,0.0000,0.0000,0.0000,6,79
24,true,0,1,0,112,ROCK,experienced,1,28,1,460,104,33,8,0.0579,0.0083,0.0547,,0
24,true,0,1,0,112,ROCK,naive,1,6,1,443,127,26,20,0.0000,0.0000,0.0000,,0
24,true,0,1,0,112,FOOD,experienced,1,6,1,418,36,15,18,0.0506,0.0053,0.0464,6,7
24,true,0,1,0,112,FOOD,naive,1,6,0,409,58,22,21,0.0000,0.0000,0.0000,6,12
25,true,0,1,91,49,FIRE A,experienced,0,,2,0,0,0,8,0.3557,0.0629,0.2487,,0
25,true,0,1,91,49,FIRE A,naive,1,6,1,3,1,0,80,0.0000,0.0000,0.3368,,0
25,true,0,1,91,49,FIRE B,experienced,0,,2,0,0,0,13,0.1893,0.0235,0.2210,,0
25,true,0,1,91,49,FIRE B,naive,1,6,1,3,1,0,55,0.0000,0.0000,0.2647,6,1
25,true,0,1,91,49,HOT METAL,experienced,0,,1,131,3,3,0,0.0271,0.0020,0.3956,,0
25,true,0,1,91,49,HOT METAL,naive,1,6,1,3,1,0,64,0.0000,0.0000,0.2507,,0
25,true,0,1,91,49,ORANGE FLOWER,experienced,1,6,1,591,273,9,3,0.0592,0.0051,0.0717,9,201
25,true,0,1,91,49,ORANGE FLOWER,naive,1,6,1,449,127,35,19,0.0000,0.0000,0.0000,6,70
25,true,0,1,91,49,ROCK,experienced,1,6,1,591,270,10,2,0.0295,0.0022,0.0394,,0
25,true,0,1,91,49,ROCK,naive,1,6,1,461,135,40,21,0.0000,0.0000,0.0000,,0
25,true,0,1,91,49,FOOD,experienced,1,6,1,456,65,27,22,0.0226,0.0013,0.0392,6,7
25,true,0,1,91,49,FOOD,naive,1,6,1,494,72,31,32,0.0000,0.0000,0.0000,6,8
26,true,0,1,0,91,FIRE A,experienced,0,,2,0,0,0,4,0.4743,0.2195,0.3074,,0
26,true,0,1,0,91,FIRE A,naive,1,6,1,3,1,0,50,0.0000,0.0000,0.3830,,0
26,true,0,1,0,91,FIRE B,experienced,0,,2,0,0,0,12,0.4038,0.1953,0.1857,,0
26,true,0,1,0,91,FIRE B,naive,1,6,1,3,1,0,39,0.0000,0.0000,0.3401,6,1
26,true,0,1,0,91,HOT METAL,experienced,0,,1,14,0,0,6,0.0583,0.0116,0.2637,,0
26,true,0,1,0,91,HOT METAL,naive,1,6,1,3,1,0,123,0.0000,0.0000,0.2989,,0
26,true,0,1,0,91,ORANGE FLOWER,experienced,0,,1,27,1,1,15,0.1173,0.0314,0.1310,,0
26,true,0,1,0,91,ORANGE FLOWER,naive,1,6,1,420,114,28,23,0.0000,0.0000,0.0000,6,71
26,true,0,1,0,91,ROCK,experienced,1,163,1,321,41,22,12,0.0978,0.0203,0.1104,,0
26,true,0,1,0,91,ROCK,naive,1,6,1,421,115,31,23,0.0000,0.0000,0.0000,,0
26,true,0,1,0,91,FOOD,experienced,1,6,1,382,37,18,22,0.0777,0.0117,0.0853,6,7
26,true,0,1,0,91,FOOD,naive,1,6,1,437,62,31,30,0.0000,0.0000,0.0000,6,9
27,true,0,1,84,42,FIRE A,experienced,0,,3,0,0,0,7,0.3703,0.0920,0.1007,,0
27,true,0,1,84,42,FIRE A,naive,1,6,1,3,1,0,27,0.0000,0.0000,0.2250,,0
27,true,0,1,84,42,FIRE B,experienced,0,,1,3,0,0,11,0.3080,0.0654,0.2781,,0
27,true,0,1,84,42,FIRE B,naive,1,6,1,3,1,0,20,0.0000,0.0000,0.1891,6,1
27,true,0,1,84,42,HOT METAL,experienced,0,,1,96,5,5,4,0.0263,0.0026,0.3774,,0
27,true,0,1,84,42,HOT METAL,naive,1,6,1,3,1,0,50,0.0000,0.0000,0.1821,,0
27,true,0,1,84,42,ORANGE FLOWER,experienced,1,6,1,590,271,10,2,0.0690,0.0086,0.0620,6,194
27,true,0,1,84,42,ORANGE FLOWER,naive,1,6,1,424,89,30,18,0.0000,0.0000,0.0000,6,44
27,true,0,1,84,42,ROCK,experienced,1,6,1,588,273,9,2,0.0256,0.0029,0.0292,,0
27,true,0,1,84,42,ROCK,naive,1,6,1,419,87,28,18,0.0000,0.0000,0.0000,,0
27,true,0,1,84,42,FOOD,experienced,1,6,1,377,28,9,21,0.0229,0.0022,0.0292,6,7
27,true,0,1,84,42,FOOD,naive,1,6,1,428,39,9,26,0.0000,0.0000,0.0000,6,7
28,true,0,1,84,46,FIRE A,experienced,0,,1,3,0,0,16,0.0746,0.0948,0.5487,,0
28,true,0,1,84,46,FIRE A,naive,1,6,1,3,1,0,26,0.0000,0.0000,0.3463,,0
28,true,0,1,84,46,FIRE B,experienced,0,,1,15,0,0,14,0.0263,0.0313,0.3036,,0
28,true,0,1,84,46,FIRE B,naive,1,6,1,3,1,0,30,0.0000,0.0000,0.2725,6,1
28,true,0,1,84,46,HOT METAL,experienced,0,,1,118,9,9,0,0.0030,0.0036,0.4225,,0
28,true,0,1,84,46,HOT METAL,naive,1,6,1,3,1,0,50,0.0000,0.0000,0.2868,,0
28,true,0,1,84,46,ORANGE FLOWER,experienced,1,6,1,597,277,2,0,0.0114,0.0103,0.0255,8,207
28,true,0,1,84,46,ORANGE FLOWER,naive,1,6,1,424,107,32,10,0.0000,0.0000,0.0000,6,58
28,true,0,1,84,46,ROCK,experienced,1,6,1,597,278,4,0,0.0025,0.0043,0.0255,,0
28,true,0,1,84,46,ROCK,naive,1,6,1,398,104,29,9,0.0000,0.0000,0.0000,,0
28,true,0,1,84,46,FOOD,experienced,1,6,1,426,29,9,15,0.0024,0.0021,0.0255,6,8
28,true,0,1,84,46,FOOD,naive,1,6,1,460,49,16,23,0.0000,0.0000,0.0000,6,8
29,true,0,1,84,163,FIRE A,experienced,0,,3,0,0,0,0,0.4594,0.0057,0.1889,,0
29,true,0,1,84,163,FIRE A,naive,1,6,1,3,1,0,32,0.0000,0.0000,0.4181,,0
29,true,0,1,84,163,FIRE B,experienced,0,,2,0,0,0,12,0.2182,0.0025,0.2526,,0
29,true,0,1,84,163,FIRE B,naive,1,6,1,3,1,0,59,0.0000,0.0000,0.3705,6,1
29,true,0,1,84,163,HOT METAL,experienced,0,,1,36,1,1,2,0.0184,0.0001,0.4264,,0
29,true,0,1,84,163,HOT METAL,naive,1,6,1,3,1,0,71,0.0000,0.0000,0.3504,,0
29,true,0,1,84,163,ORANGE FLOWER,experienced,1,6,1,594,269,10,1,0.0822,0.0005,0.1104,6,222
29,true,0,1,84,163,ORANGE FLOWER,naive,1,6,1,386,105,36,18,0.0000,0.0000,0.0000,6,54
29,true,0,1,84,163,ROCK,experienced,1,6,1,596,276,6,1,0.0250,0.0002,0.0562,,0
29,true,0,1,84,163,ROCK,naive,1,6,1,420,109,39,11,0.0000,0.0000,0.0000,,0
29,true,0,1,84,163,FOOD,experienced,1,6,1,330,22,6,22,0.0199,0.0001,0.0562,6,8
29,true,0,1,84,163,FOOD,naive,1,6,1,455,56,22,34,0.0000,0.0000,0.0000,6,8
30,true,0,1,84,48,FIRE A,experienced,0,,3,0,0,0,6,0.4000,0.0864,0.1548,,0
30,true,0,1,84,48,FIRE A,naive,1,6,1,3,1,0,38,0.0000,0.0000,0.3993,,0
30,true,0,1,84,48,FIRE B,experienced,0,,2,0,0,0,17,0.1766,0.0259,0.2897,,0
30,true,0,1,84,48,FIRE B,naive,1,6,1,3,1,0,58,0.0000,0.0000,0.3589,6,1
30,true,0,1,84,48,HOT METAL,experienced,0,,1,90,1,1,1,0.0246,0.0031,0.3864,,0
30,true,0,1,84,48,HOT METAL,naive,1,6,1,3,1,0,68,0.0000,0.0000,0.3243,,0
30,true,0,1,84,48,ORANGE FLOWER,experienced,1,6,1,590,258,12,4,0.0865,0.0107,0.1051,6,208
30,true,0,1,84,48,ORANGE FLOWER,naive,1,6,1,379,104,35,20,0.0000,0.0000,0.0000,6,52
30,true,0,1,84,48,ROCK,experienced,1,6,1,595,262,7,1,0.0228,0.0039,0.0469,,0
30,true,0,1,84,48,ROCK,naive,1,6,1,387,102,33,18,0.0000,0.0000,0.0000,,0
30,true,0,1,84,48,FOOD,experienced,1,6,1,393,43,22,29,0.0189,0.0021,0.0469,6,7
30,true,0,1,84,48,FOOD,naive,1,6,1,468,53,23,35,0.0000,0.0000,0.0000,6,8
31,true,0,1,92,103,FIRE A,experienced,0,,3,0,0,0,2,0.4996,0.0184,0.1823,,0
31,true,0,1,92,103,FIRE A,naive,1,6,1,3,1,0,4,0.0000,0.0000,0.3694,,0
31,true,0,1,92,103,FIRE B,experienced,0,,2,0,0,0,13,0.2389,0.0060,0.2202,,0
31,true,0,1,92,103,FIRE B,naive,1,6,1,3,1,0,19,0.0000,0.0000,0.3265,6,1
31,true,0,1,92,103,HOT METAL,experienced,0,,1,35,1,1,3,0.0331,0.0003,0.4354,,0
31,true,0,1,92,103,HOT METAL,naive,1,6,1,3,1,0,33,0.0000,0.0000,0.3172,,0
31,true,0,1,92,103,ORANGE FLOWER,experienced,1,7,1,584,254,16,5,0.0983,0.0015,0.1146,7,188
31,true,0,1,92,103,ORANGE FLOWER,naive,1,6,1,465,127,39,19,0.0000,0.0000,0.0000,6,65
31,true,0,1,92,103,ROCK,experienced,1,6,1,589,259,12,3,0.0431,0.0003,0.0553,,0
31,true,0,1,92,103,ROCK,naive,1,6,1,444,123,39,20,0.0000,0.0000,0.0000,,0
31,true,0,1,92,103,FOOD,experienced,1,6,1,315,15,7,19,0.0248,0.0002,0.0517,6,7
31,true,0,1,92,103,FOOD,naive,1,6,1,505,68,33,29,0.0000,0.0000,0.0000,6,9
32,true,0,1,0,61,FIRE A,experienced,0,,3,0,0,0,25,0.4200,0.3163,0.1547,,0
32,true,0,1,0,61,FIRE A,naive,1,6,1,3,1,0,32,0.0000,0.0000,0.3276,,0
32,true,0,1,0,61,FIRE B,experienced,0,,2,0,0,0,24,0.3578,0.2657,0.1947,,0
32,true,0,1,0,61,FIRE B,naive,1,6,1,3,1,0,38,0.0000,0.0000,0.2688,6,1
32,true,0,1,0,61,HOT METAL,experienced,0,,1,21,0,0,13,0.0522,0.0245,0.2415,,0
32,true,0,1,0,61,HOT METAL,naive,1,6,1,3,1,0,80,0.0000,0.0000,0.2825,,0
32,true,0,1,0,61,ORANGE FLOWER,experienced,0,,1,23,1,1,16,0.1226,0.0685,0.1412,,0
32,true,0,1,0,61,ORANGE FLOWER,naive,1,6,1,350,75,25,17,0.0000,0.0000,0.0000,6,38
32,true,0,1,0,61,ROCK,experienced,1,28,1,98,10,6,15,0.0887,0.0375,0.1055,,0
32,true,0,1,0,61,ROCK,naive,1,6,1,353,75,28,17,0.0000,0.0000,0.0000,,0
32,true,0,1,0,61,FOOD,experienced,1,7,1,326,30,13,21,0.0703,0.0242,0.0813,7,7
32,true,0,1,0,61,FOOD,naive,1,6,1,393,48,19,27,0.0000,0.0000,0.0000,6,8
33,true,0,1,88,67,FIRE A,experienced,0,,3,0,0,0,2,0.4299,0.0671,0.1463,,0
33,true,0,1,88,67,FIRE A,naive,1,6,1,3,1,0,31,0.0000,0.0000,0.3437,,0
33,true,0,1,88,67,FIRE B,experienced,0,,2,0,0,0,8,0.3139,0.0433,0.2609,,0
33,true,0,1,88,67,FIRE B,naive,1,6,1,3,1,0,24,0.0000,0.0000,0.2857,6,1
33,true,0,1,88,67,HOT METAL,experienced,0,,1,84,1,1,1,0.0348,0.0020,0.3249,,0
33,true,0,1,88,67,HOT METAL,naive,1,6,1,3,1,0,52,0.0000,0.0000,0.2675,,0
33,true,0,1,88,67,ORANGE FLOWER,experienced,1,6,1,594,269,10,0,0.0845,0.0062,0.0882,6,211
33,true,0,1,88,67,ORANGE FLOWER,naive,1,6,1,393,90,23,12,0.0000,0.0000,0.0000,6,53
33,true,0,1,88,67,ROCK,experienced,1,6,1,594,270,11,0,0.0469,0.0034,0.0520,,0
33,true,0,1,88,67,ROCK,naive,1,6,1,393,89,23,10,0.0000,0.0000,0.0000,,0
33,true,0,1,88,67,FOOD,experienced,1,6,1,378,44,14,8,0.0279,0.0015,0.0426,6,7
33,true,0,1,88,67,FOOD,naive,1,6,1,332,43,13,25,0.0000,0.0000,0.0000,6,10
34,true,0,1,82,126,FIRE A,experienced,0,,3,0,0,0,3,0.3465,0.0837,0.1209,,0
34,true,0,1,82,126,FIRE A,naive,1,6,1,3,1,0,47,0.0000,0.0000,0.3027,,0
34,true,0,1,82,126,FIRE B,experienced,0,,1,1,0,0,7,0.1565,0.0305,0.4141,,0
34,true,0,1,82,126,FIRE B,naive,1,6,1,3,1,0,32,0.0000,0.0000,0.2502,6,1
34,true,0,1,82,126,HOT METAL,experienced,0,,1,106,2,2,0,0.0318,0.0029,0.3506,,0
34,true,0,1,82,126,HOT METAL,naive,1,6,1,3,1,0,57,0.0000,0.0000,0.2329,,0
34,true,0,1,82,126,ORANGE FLOWER,experienced,1,6,1,589,266,13,2,0.0670,0.0081,0.1054,6,198
34,true,0,1,82,126,ORANGE FLOWER,naive,1,6,1,431,106,28,13,0.0000,0.0000,0.0000,6,60
34,true,0,1,82,126,ROCK,experienced,1,6,1,586,265,8,2,0.0527,0.0049,0.1054,,0
34,true,0,1,82,126,ROCK,naive,1,6,1,410,105,31,14,0.0000,0.0000,0.0000,,0
34,true,0,1,82,126,FOOD,experienced,1,6,1,329,39,15,23,0.0263,0.0025,0.1054,6,7
34,true,0,1,82,126,FOOD,naive,1,6,1,447,53,18,26,0.0000,0.0000,0.0000,6,9
35,true,0,1,84,55,FIRE A,experienced,0,,2,0,0,0,10,0.3317,0.0615,0.2379,,0
35,true,0,1,84,55,FIRE A,naive,1,6,1,3,1,0,63,0.0000,0.0000,0.3306,,0
35,true,0,1,84,55,FIRE B,experienced,0,,1,2,0,0,17,0.2655,0.0438,0.3077,,0
35,true,0,1,84,55,FIRE B,naive,1,6,1,3,1,0,84,0.0000,0.0000,0.2684,6,1
35,true,0,1,84,55,HOT METAL,experienced,0,,1,142,3,3,3,0.0246,0.0021,0.3870,,0
35,true,0,1,84,55,HOT METAL,naive,1,6,1,3,1,0,90,0.0000,0.0000,0.2533,,0
35,true,0,1,84,55,ORANGE FLOWER,experienced,1,6,1,592,258,11,2,0.0826,0.0085,0.0905,6,205
35,true,0,1,84,55,ORANGE FLOWER,naive,1,6,1,440,115,45,17,0.0000,0.0000,0.0000,6,51
35,true,0,1,84,55,ROCK,experienced,1,6,1,595,263,7,1,0.0324,0.0035,0.0423,,0
35,true,0,1,84,55,ROCK,naive,1,6,1,381,105,41,18,0.0000,0.0000,0.0000,,0
35,true,0,1,84,55,FOOD,experienced,1,6,1,405,42,23,23,0.0193,0.0016,0.0310,6,7
35,true,0,1,84,55,FOOD,naive,1,6,1,464,69,35,32,0.0000,0.0000,0.0000,6,8
36,true,0,1,0,50,FIRE A,experienced,0,,2,0,0,0,49,0.3851,0.3314,0.2682,,0
36,true,0,1,0,50,FIRE A,naive,1,6,1,3,1,0,20,0.0000,0.0000,0.2562,,0
36,true,0,1,0,50,FIRE B,experienced,0,,2,0,0,0,31,0.3293,0.2787,0.2003,,0
36,true,0,1,0,50,FIRE B,naive,1,6,1,3,1,0,25,0.0000,0.0000,0.2186,6,1
36,true,0,1,0,50,HOT METAL,experienced,0,,1,19,1,1,6,0.0610,0.0298,0.3284,,0
36,true,0,1,0,50,HOT METAL,naive,1,6,1,3,1,0,28,0.0000,0.0000,0.2082,,0
36,true,0,1,0,50,ORANGE FLOWER,experienced,1,78,1,119,24,14,9,0.1168,0.0730,0.1183,78,9
36,true,0,1,0,50,ORANGE FLOWER,naive,1,6,1,334,81,23,14,0.0000,0.0000,0.0000,6,46
36,true,0,1,0,50,ROCK,experienced,1,46,1,146,12,8,10,0.0917,0.0424,0.0936,,0
36,true,0,1,0,50,ROCK,naive,1,6,1,325,78,22,14,0.0000,0.0000,0.0000,,0
36,true,0,1,0,50,FOOD,experienced,1,7,1,396,32,11,17,0.0735,0.0251,0.0731,7,7
36,true,0,1,0,50,FOOD,naive,1,6,1,453,52,19,21,0.0000,0.0000,0.0000,6,8
37,true,0,1,86,85,FIRE A,experienced,0,,3,0,0,0,7,0.3221,0.0436,0.0874,,0
37,true,0,1,86,85,FIRE A,naive,1,6,1,3,1,0,42,0.0000,0.0000,0.2132,,0
37,true,0,1,86,85,FIRE B,experienced,0,,1,4,0,0,16,0.2869,0.0374,0.3272,,0
37,true,0,1,86,85,FIRE B,naive,1,6,1,4,1,0,40,0.0000,0.0000,0.3258,6,1
37,true,0,1,86,85,HOT METAL,experienced,0,,1,120,9,9,2,0.0268,0.0014,0.3131,,0
37,true,0,1,86,85,HOT METAL,naive,1,6,1,4,1,0,45,0.0000,0.0000,0.2607,,0
37,true,0,1,86,85,ORANGE FLOWER,experienced,1,7,1,591,262,8,0,0.0736,0.0048,0.0632,7,210
37,true,0,1,86,85,ORANGE FLOWER,naive,1,6,1,435,116,28,15,0.0000,0.0000,0.0000,6,66
37,true,0,1,86,85,ROCK,experienced,1,7,1,589,257,14,1,0.0354,0.0025,0.0354,,0
37,true,0,1,86,85,ROCK,naive,1,6,1,420,114,28,12,0.0000,0.0000,0.0000,,0
37,true,0,1,86,85,FOOD,experienced,1,6,1,329,24,11,19,0.0222,0.0010,0.0250,6,8
37,true,0,1,86,85,FOOD,naive,1,6,1,220,47,11,15,0.0000,0.0000,0.0000,6,12
38,true,0,1,91,105,FIRE A,experienced,0,,2,0,0,0,3,0.4195,0.0109,0.3208,,0
38,true,0,1,91,105,FIRE A,naive,1,6,1,3,1,0,36,0.0000,0.0000,0.3962,,0
38,true,0,1,91,105,FIRE B,experienced,0,,2,0,0,0,8,0.3342,0.0077,0.2859,,0
38,true,0,1,91,105,FIRE B,naive,1,6,1,3,1,0,44,0.0000,0.0000,0.3289,6,1
38,true,0,1,91,105,HOT METAL,experienced,0,,1,43,1,1,4,0.0287,0.0002,0.3546,,0
38,true,0,1,91,105,HOT METAL,naive,1,6,1,3,1,0,55,0.0000,0.0000,0.3025,,0
38,true,0,1,91,105,ORANGE FLOWER,experienced,1,6,1,593,268,11,0,0.0794,0.0010,0.0995,6,224
38,true,0,1,91,105,ORANGE FLOWER,naive,1,6,1,423,103,25,16,0.0000,0.0000,0.0000,6,59
38,true,0,1,91,105,ROCK,experienced,1,6,1,588,273,10,3,0.0123,0.0002,0.0461,,0
38,true,0,1,91,105,ROCK,naive,1,6,1,417,100,24,13,0.0000,0.0000,0.0000,,0
38,true,0,1,91,105,FOOD,experienced,1,6,1,293,22,9,18,0.0239,0.0002,0.0461,6,7
38,true,0,1,91,105,FOOD,naive,1,6,1,464,56,29,33,0.0000,0.0000,0.0000,6,8
39,true,0,1,0,85,FIRE A,experienced,0,,2,0,0,0,10,0.2978,0.1362,0.2312,,0
39,true,0,1,0,85,FIRE A,naive,1,6,1,3,1,0,75,0.0000,0.0000,0.3126,,0
39,true,0,1,0,85,FIRE B,experienced,0,,2,0,0,0,14,0.2570,0.1196,0.1697,,0
39,true,0,1,0,85,FIRE B,naive,1,6,1,4,1,0,54,0.0000,0.0000,0.3838,6,1
39,true,0,1,0,85,HOT METAL,experienced,0,,1,89,4,4,6,0.0338,0.0074,0.3137,,0
39,true,0,1,0,85,HOT METAL,naive,1,6,1,4,1,0,65,0.0000,0.0000,0.3937,,0
39,true,0,1,0,85,ORANGE FLOWER,experienced,1,6,1,555,197,38,6,0.0582,0.0167,0.0631,6,146
39,true,0,1,0,85,ORANGE FLOWER,naive,1,6,1,426,99,24,13,0.0000,0.0000,0.0000,6,61
39,true,0,1,0,85,ROCK,experienced,1,7,1,491,112,34,8,0.0417,0.0113,0.0445,,0
39,true,0,1,0,85,ROCK,naive,1,6,1,423,99,25,13,0.0000,0.0000,0.0000,,0
39,true,0,1,0,85,FOOD,experienced,1,6,1,398,47,20,28,0.0503,0.0086,0.0508,6,7
39,true,0,1,0,85,FOOD,naive,1,6,1,423,59,20,34,0.0000,0.0000,0.0000,6,8
40,true,0,1,84,126,FIRE A,experienced,0,,3,0,0,0,5,0.3984,0.0374,0.1510,,0
40,true,0,1,84,126,FIRE A,naive,1,6,1,3,1,0,24,0.0000,0.0000,0.3896,,0
40,true,0,1,84,126,FIRE B,experienced,0,,2,0,0,0,11,0.2039,0.0192,0.2217,,0
40,true,0,1,84,126,FIRE B,naive,1,6,1,3,1,0,62,0.0000,0.0000,0.3283,6,1
40,true,0,1,84,126,HOT METAL,experienced,0,,1,103,2,2,1,0.0412,0.0011,0.5055,,0
40,true,0,1,84,126,HOT METAL,naive,1,6,1,3,1,0,93,0.0000,0.0000,0.2942,,0
40,true,0,1,84,126,ORANGE FLOWER,experienced,1,6,1,555,239,26,0,0.1113,0.0057,0.1337,6,178
40,true,0,1,84,126,ORANGE FLOWER,naive,1,6,1,413,107,26,11,0.0000,0.0000,0.0000,6,60
40,true,0,1,84,126,ROCK,experienced,1,6,1,594,270,7,0,0.0601,0.0029,0.0765,,0
40,true,0,1,84,126,ROCK,naive,1,6,1,402,108,29,11,0.0000,0.0000,0.0000,,0
40,true,0,1,84,126,FOOD,experienced,1,6,1,332,19,8,7,0.0296,0.0012,0.0444,6,7
40,true,0,1,84,126,FOOD,naive,1,6,1,462,60,15,18,0.0000,0.0000,0.0000,6,9
41,true,0,1,82,47,FIRE A,experienced,0,,3,0,0,0,6,0.3746,0.1054,0.1539,,0
41,true,0,1,82,47,FIRE A,naive,1,6,1,3,1,0,14,0.0000,0.0000,0.3959,,0
41,true,0,1,82,47,FIRE B,experienced,0,,2,0,0,0,22,0.2048,0.0410,0.2032,,0
41,true,0,1,82,47,FIRE B,naive,1,6,1,3,1,0,44,0.0000,0.0000,0.3288,6,1
41,true,0,1,82,47,HOT METAL,experienced,0,,1,38,1,1,1,0.0395,0.0055,0.4340,,0
41,true,0,1,82,47,HOT METAL,naive,1,6,1,3,1,0,53,0.0000,0.0000,0.3152,,0
41,true,0,1,82,47,ORANGE FLOWER,experienced,1,6,1,593,273,9,1,0.0992,0.0161,0.1184,6,208
41,true,0,1,82,47,ORANGE FLOWER,naive,1,6,1,330,77,20,13,0.0000,0.0000,0.0000,6,45
41,true,0,1,82,47,ROCK,experienced,1,6,1,597,278,1,0,0.0452,0.0066,0.0546,,0
41,true,0,1,82,47,ROCK,naive,1,6,1,361,75,20,13,0.0000,0.0000,0.0000,,0
41,true,0,1,82,47,FOOD,experienced,1,6,1,384,39,8,15,0.0322,0.0039,0.0434,6,7
41,true,0,1,82,47,FOOD,naive,1,6,1,508,55,18,19,0.0000,0.0000,0.0000,6,8
42,true,1,0,86,95,FIRE A,experienced,0,,2,0,0,0,6,0.3246,0.3151,0.2264,,0
42,true,1,0,86,95,FIRE A,naive,1,6,1,3,1,0,8,0.0000,0.0000,0.2568,,0
42,true,1,0,86,95,FIRE B,experienced,0,,1,13,0,0,4,0.1731,0.1732,0.4112,,0
42,true,1,0,86,95,FIRE B,naive,1,6,1,3,1,0,20,0.0000,0.0000,0.2125,6,1
42,true,1,0,86,95,HOT METAL,experienced,0,,1,138,8,8,2,0.0258,0.0313,0.3628,,0
42,true,1,0,86,95,HOT METAL,naive,1,6,1,3,1,0,35,0.0000,0.0000,0.2052,,0
42,true,1,0,86,95,ORANGE FLOWER,experienced,1,6,1,592,272,12,1,0.0676,0.0723,0.0716,6,240
42,true,1,0,86,95,ORANGE FLOWER,naive,1,6,1,486,117,34,15,0.0000,0.0000,0.0000,6,61
42,true,1,0,86,95,ROCK,experienced,1,6,1,596,273,6,1,0.0282,0.0341,0.0319,,0
42,true,1,0,86,95,ROCK,naive,1,6,1,482,119,38,14,0.0000,0.0000,0.0000,,0
42,true,1,0,86,95,FOOD,experienced,1,6,1,399,23,10,24,0.0210,0.0265,0.0311,6,7
42,true,1,0,86,95,FOOD,naive,1,6,1,469,67,30,37,0.0000,0.0000,0.0000,6,9
43,true,0,1,90,78,FIRE A,experienced,0,,3,0,0,0,4,0.3786,0.0398,0.1164,,0
43,true,0,1,90,78,FIRE A,naive,1,6,1,3,1,0,57,0.0000,0.0000,0.2844,,0
43,true,0,1,90,78,FIRE B,experienced,0,,1,2,0,0,6,0.3277,0.0308,0.3903,,0
43,true,0,1,90,78,FIRE B,naive,1,6,1,3,1,0,81,0.0000,0.0000,0.2508,6,1
43,true,0,1,90,78,HOT METAL,experienced,0,,1,96,1,1,2,0.0205,0.0008,0.2697,,0
43,true,0,1,90,78,HOT METAL,naive,1,6,1,3,1,0,75,0.0000,0.0000,0.2163,,0
43,true,0,1,90,78,ORANGE FLOWER,experienced,1,6,1,593,270,15,3,0.0542,0.0027,0.0573,6,199
43,true,0,1,90,78,ORANGE FLOWER,naive,1,6,1,403,103,24,17,0.0000,0.0000,0.0000,6,60
43,true,0,1,90,78,ROCK,experienced,1,6,1,593,270,14,2,0.0202,0.0009,0.0331,,0
43,true,0,1,90,78,ROCK,naive,1,6,1,390,100,24,17,0.0000,0.0000,0.0000,,0
43,true,0,1,90,78,FOOD,experienced,1,6,1,303,20,7,16,0.0213,0.0006,0.0331,6,7
43,true,0,1,90,78,FOOD,naive,1,6,0,291,36,13,21,0.0000,0.0000,0.0000,6,12
44,true,0,1,96,79,FIRE A,experienced,0,,1,3,0,0,12,0.0996,0.0324,0.3479,,0
44,true,0,1,96,79,FIRE A,naive,1,6,1,3,1,0,39,0.0000,0.0000,0.2383,,0
44,true,0,1,96,79,FIRE B,experienced,0,,1,22,1,1,13,0.0546,0.0113,0.2762,,0
44,true,0,1,96,79,FIRE B,naive,1,6,1,3,1,0,53,0.0000,0.0000,0.1973,6,1
44,true,0,1,96,79,HOT METAL,experienced,0,,1,88,12,12,1,0.0139,0.0013,0.3291,,0
44,true,0,1,96,79,HOT METAL,naive,1,6,1,3,1,0,49,0.0000,0.0000,0.1910,,0
44,true,0,1,96,79,ORANGE FLOWER,experienced,1,6,1,595,276,7,0,0.0214,0.0027,0.0546,6,222
44,true,0,1,96,79,ORANGE FLOWER,naive,1,6,1,379,94,24,13,0.0000,0.0000,0.0000,6,56
44,true,0,1,96,79,ROCK,experienced,1,6,1,595,276,10,0,0.0130,0.0016,0.0546,,0
44,true,0,1,96,79,ROCK,naive,1,6,1,371,90,24,14,0.0000,0.0000,0.0000,,0
44,true,0,1,96,79,FOOD,experienced,1,6,1,211,20,7,17,0.0136,0.0006,0.0546,6,8
44,true,0,1,96,79,FOOD,naive,1,6,1,352,42,15,27,0.0000,0.0000,0.0000,6,12
45,true,0,1,0,113,FIRE A,experienced,0,,2,0,0,0,3,0.3377,0.1285,0.2004,,0
45,true,0,1,0,113,FIRE A,naive,1,6,1,3,1,0,17,0.0000,0.0000,0.2154,,0
45,true,0,1,0,113,FIRE B,experienced,0,,2,0,0,0,4,0.3047,0.1244,0.1746,,0
45,true,0,1,0,113,FIRE B,naive,1,6,1,3,1,0,22,0.0000,0.0000,0.1763,6,1
45,true,0,1,0,113,HOT METAL,experienced,0,,1,26,2,2,3,0.0328,0.0053,0.2679,,0
45,true,0,1,0,113,HOT METAL,naive,1,6,1,3,1,0,36,0.0000,0.0000,0.1752,,0
45,true,0,1,0,113,ORANGE FLOWER,experienced,1,6,1,501,156,20,6,0.0709,0.0154,0.0685,6,128
45,true,0,1,0,113,ORANGE FLOWER,naive,1,6,1,399,101,22,7,0.0000,0.0000,0.0000,6,63
45,true,0,1,0,113,ROCK,experienced,1,39,1,370,73,14,7,0.0455,0.0100,0.0457,,0
45,true,0,1,0,113,ROCK,naive,1,6,1,383,94,22,8,0.0000,0.0000,0.0000,,0
45,true,0,1,0,113,FOOD,experienced,1,6,1,366,28,10,13,0.0513,0.0065,0.0492,6,7
45,true,0,1,0,113,FOOD,naive,1,6,1,525,48,16,18,0.0000,0.0000,0.0000,6,8
46,true,1,0,89,76,FIRE A,experienced,0,,2,0,0,0,7,0.3773,0.3636,0.2629,,0
46,true,1,0,89,76,FIRE A,naive,1,6,1,3,1,0,31,0.0000,0.0000,0.3158,,0
46,true,1,0,89,76,FIRE B,experienced,0,,1,3,0,0,4,0.2267,0.2213,0.4707,,0
46,true,1,0,89,76,FIRE B,naive,1,6,1,3,1,0,40,0.0000,0.0000,0.2674,6,1
46,true,1,0,89,76,HOT METAL,experienced,0,,1,111,4,4,0,0.0267,0.0318,0.4348,,0
46,true,1,0,89,76,HOT METAL,naive,1,6,1,4,1,0,62,0.0000,0.0000,0.3969,,0
46,true,1,0,89,76,ORANGE FLOWER,experienced,1,6,1,593,280,9,1,0.0699,0.0754,0.0728,6,255
46,true,1,0,89,76,ORANGE FLOWER,naive,1,6,1,364,111,30,13,0.0000,0.0000,0.0000,6,62
46,true,1,0,89,76,ROCK,experienced,1,6,1,596,281,6,0,0.0364,0.0387,0.0404,,0
46,true,1,0,89,76,ROCK,naive,1,6,1,370,105,28,14,0.0000,0.0000,0.0000,,0
46,true,1,0,89,76,FOOD,experienced,1,6,1,347,17,4,12,0.0222,0.0284,0.0360,6,9
46,true,1,0,89,76,FOOD,naive,1,6,1,429,44,9,20,0.0000,0.0000,0.0000,6,8
47,true,0,1,0,62,FIRE A,experienced,0,,3,0,0,0,19,0.4136,0.2738,0.1385,,0
47,true,0,1,0,62,FIRE A,naive,1,6,1,3,1,0,48,0.0000,0.0000,0.3399,,0
47,true,0,1,0,62,FIRE B,experienced,0,,2,0,0,0,26,0.3386,0.2255,0.2160,,0
47,true,0,1,0,62,FIRE B,naive,1,6,1,3,1,0,68,0.0000,0.0000,0.2705,6,1
47,true,0,1,0,62,HOT METAL,experienced,0,,1,19,1,1,13,0.0448,0.0176,0.3274,,0
47,true,0,1,0,62,HOT METAL,naive,1,6,1,3,1,0,100,0.0000,0.0000,0.2741,,0
47,true,0,1,0,62,ORANGE FLOWER,experienced,1,9,1,445,88,35,17,0.0916,0.0439,0.0988,11,47
47,true,0,1,0,62,ORANGE FLOWER,naive,1,6,1,384,95,36,16,0.0000,0.0000,0.0000,6,46
47,true,0,1,0,62,ROCK,experienced,1,7,1,397,79,32,14,0.0570,0.0262,0.0668,,0
47,true,0,1,0,62,ROCK,naive,1,6,1,392,98,38,20,0.0000,0.0000,0.0000,,0
47,true,0,1,0,62,FOOD,experienced,1,7,1,413,41,22,25,0.0610,0.0193,0.0704,11,7
47,true,0,1,0,62,FOOD,naive,1,6,1,438,61,32,33,0.0000,0.0000,0.0000,6,8
48,true,0,1,0,107,FIRE A,experienced,0,,3,0,0,0,6,0.4357,0.1448,0.1626,,0
48,true,0,1,0,107,FIRE A,naive,1,6,1,3,1,0,45,0.0000,0.0000,0.3811,,0
48,true,0,1,0,107,FIRE B,experienced,0,,2,0,0,0,9,0.2602,0.0779,0.2316,,0
48,true,0,1,0,107,FIRE B,naive,1,6,1,3,1,0,57,0.0000,0.0000,0.3344,6,1
48,true,0,1,0,107,HOT METAL,experienced,0,,1,12,0,0,4,0.0489,0.0068,0.2614,,0
48,true,0,1,0,107,HOT METAL,naive,1,6,1,3,1,0,78,0.0000,0.0000,0.2980,,0
48,true,0,1,0,107,ORANGE FLOWER,experienced,1,138,1,379,66,17,16,0.0930,0.0176,0.1204,144,44
48,true,0,1,0,107,ORANGE FLOWER,naive,1,6,1,456,129,31,13,0.0000,0.0000,0.0000,6,76
48,true,0,1,0,107,ROCK,experienced,1,73,1,276,34,20,14,0.0846,0.0141,0.1123,,0
48,true,0,1,0,107,ROCK,naive,1,6,1,463,130,33,12,0.0000,0.0000,0.0000,,0
48,true,0,1,0,107,FOOD,experienced,1,6,1,432,33,16,17,0.0694,0.0088,0.1007,6,7
48,true,0,1,0,107,FOOD,naive,1,6,1,511,71,31,31,0.0000,0.0000,0.0000,6,10
49,true,0,1,82,42,FIRE A,experienced,0,,2,0,0,0,18,0.3063,0.0828,0.2307,,0
49,true,0,1,82,42,FIRE A,naive,1,6,1,3,1,0,58,0.0000,0.0000,0.3365,,0
49,true,0,1,82,42,FIRE B,experienced,0,,1,1,0,0,16,0.1887,0.0314,0.3216,,0
49,true,0,1,82,42,FIRE B,naive,1,6,1,3,1,0,55,0.0000,0.0000,0.2705,6,1
49,true,0,1,82,42,HOT METAL,experienced,0,,1,173,6,6,0,0.0851,0.0048,0.3885,,0
49,true,0,1,82,42,HOT METAL,naive,1,6,1,3,1,0,70,0.0000,0.0000,0.2504,,0
49,true,0,1,82,42,ORANGE FLOWER,experienced,1,7,1,524,235,24,4,0.1230,0.0116,0.1340,7,199
49,true,0,1,82,42,ORANGE FLOWER,naive,1,6,1,424,107,32,21,0.0000,0.0000,0.0000,6,58
49,true,0,1,82,42,ROCK,experienced,1,7,1,583,244,31,5,0.1000,0.0070,0.1023,,0
49,true,0,1,82,42,ROCK,naive,1,6,1,428,108,33,21,0.0000,0.0000,0.0000,,0
49,true,0,1,82,42,FOOD,experienced,1,6,1,248,19,11,26,0.1033,0.0032,0.1091,6,7
49,true,0,1,82,42,FOOD,naive,1,6,1,409,54,27,35,0.0000,0.0000,0.0000,6,8
50,true,0,1,93,95,FIRE A,experienced,0,,2,0,0,0,4,0.3782,0.0168,0.2337,,0
50,true,0,1,93,95,FIRE A,naive,1,6,1,3,1,0,15,0.0000,0.0000,0.2472,,0
50,true,0,1,93,95,FIRE B,experienced,0,,2,0,0,0,7,0.1819,0.0053,0.1687,,0
50,true,0,1,93,95,FIRE B,naive,1,6,1,3,1,0,29,0.0000,0.0000,0.2084,6,1
50,true,0,1,93,95,HOT METAL,experienced,0,,1,83,3,3,3,0.0291,0.0003,0.3467,,0
50,true,0,1,93,95,HOT METAL,naive,1,6,1,4,1,0,62,0.0000,0.0000,0.3277,,0
50,true,0,1,93,95,ORANGE FLOWER,experienced,1,6,1,588,260,12,1,0.0669,0.0012,0.0653,6,204
50,true,0,1,93,95,ORANGE FLOWER,naive,1,6,1,394,79,25,14,0.0000,0.0000,0.0000,6,44
50,true,0,1,93,95,ROCK,experienced,1,6,1,587,253,15,1,0.0554,0.0003,0.0547,,0
50,true,0,1,93,95,ROCK,naive,1,6,1,390,78,24,15,0.0000,0.0000,0.0000,,0
50,true,0,1,93,95,FOOD,experienced,1,6,1,320,28,8,12,0.0232,0.0003,0.0328,6,7
50,true,0,1,93,95,FOOD,naive,1,6,1,356,37,10,17,0.0000,0.0000,0.0000,6,8
51,true,0,1,0,95,FIRE A,experienced,0,,2,0,0,0,5,0.3933,0.1786,0.2771,,0
51,true,0,1,0,95,FIRE A,naive,1,6,1,3,1,0,42,0.0000,0.0000,0.3101,,0
51,true,0,1,0,95,FIRE B,experienced,0,,2,0,0,0,12,0.3608,0.1798,0.2205,,0
51,true,0,1,0,95,FIRE B,naive,1,6,1,4,1,0,28,0.0000,0.0000,0.3267,6,1
51,true,0,1,0,95,HOT METAL,experienced,0,,1,19,0,0,8,0.0566,0.0109,0.2268,,0
51,true,0,1,0,95,HOT METAL,naive,1,6,1,3,1,0,48,0.0000,0.0000,0.2279,,0
51,true,0,1,0,95,ORANGE FLOWER,experienced,1,489,1,75,12,8,16,0.1113,0.0310,0.1129,489,4
51,true,0,1,0,95,ORANGE FLOWER,naive,1,6,1,379,97,22,22,0.0000,0.0000,0.0000,6,58
51,true,0,1,0,95,ROCK,experienced,1,76,1,305,29,15,17,0.0948,0.0204,0.0931,,0
51,true,0,1,0,95,ROCK,naive,1,6,1,371,87,17,18,0.0000,0.0000,0.0000,,0
51,true,0,1,0,95,FOOD,experienced,1,12,1,324,25,9,15,0.0735,0.0122,0.0729,12,7
51,true,0,1,0,95,FOOD,naive,1,6,1,483,48,20,19,0.0000,0.0000,0.0000,6,8
52,true,0,1,0,112,FIRE A,experienced,0,,3,0,0,0,20,0.3707,0.1185,0.1238,,0
52,true,0,1,0,112,FIRE A,naive,1,6,1,3,1,0,85,0.0000,0.0000,0.3279,,0
52,true,0,1,0,112,FIRE B,experienced,0,,2,0,0,0,24,0.3295,0.1111,0.1834,,0
52,true,0,1,0,112,FIRE B,naive,1,6,1,3,1,0,72,0.0000,0.0000,0.2615,6,1
52,true,0,1,0,112,HOT METAL,experienced,0,,1,66,2,2,15,0.0438,0.0048,0.3033,,0
52,true,0,1,0,112,HOT METAL,naive,1,6,1,3,1,0,80,0.0000,0.0000,0.2452,,0
52,true,0,1,0,112,ORANGE FLOWER,experienced,1,92,1,461,98,33,14,0.0947,0.0159,0.1019,92,58
52,true,0,1,0,112,ORANGE FLOWER,naive,1,6,1,455,130,39,16,0.0000,0.0000,0.0000,6,69
52,true,0,1,0,112,ROCK,experienced,1,92,1,341,54,26,21,0.0714,0.0086,0.0782,,0
52,true,0,1,0,112,ROCK,naive,1,6,1,423,123,40,19,0.0000,0.0000,0.0000,,0
52,true,0,1,0,112,FOOD,experienced,1,8,1,394,38,19,33,0.0555,0.0050,0.0624,8,7
52,true,0,1,0,112,FOOD,naive,1,6,1,457,61,25,33,0.0000,0.0000,0.0000,6,8
53,true,0,1,89,59,FIRE A,experienced,0,,2,0,0,0,6,0.3151,0.0451,0.1840,,0
53,true,0,1,89,59,FIRE A,naive,1,6,1,3,1,0,28,0.0000,0.0000,0.2389,,0
53,true,0,1,89,59,FIRE B,experienced,0,,2,0,0,0,8,0.2489,0.0308,0.1642,,0
53,true,0,1,89,59,FIRE B,naive,1,6,1,3,1,0,37,0.0000,0.0000,0.1921,6,1
53,true,0,1,89,59,HOT METAL,experienced,0,,1,117,5,5,1,0.0314,0.0017,0.3602,,0
53,true,0,1,89,59,HOT METAL,naive,1,6,1,5,1,0,52,0.0000,0.0000,0.3265,,0
53,true,0,1,89,59,ORANGE FLOWER,experienced,1,7,1,591,257,14,1,0.0914,0.0064,0.0773,7,205
53,true,0,1,89,59,ORANGE FLOWER,naive,1,6,1,381,100,29,19,0.0000,0.0000,0.0000,6,56
53,true,0,1,89,59,ROCK,experienced,1,6,1,592,264,14,1,0.0422,0.0028,0.0385,,0
53,true,0,1,89,59,ROCK,naive,1,6,1,400,98,27,18,0.0000,0.0000,0.0000,,0
53,true,0,1,89,59,FOOD,experienced,1,6,1,333,30,16,21,0.0272,0.0014,0.0280,6,8
53,true,0,1,89,59,FOOD,naive,1,6,1,435,47,20,27,0.0000,0.0000,0.0000,6,9
54,true,0,1,84,59,FIRE A,experienced,0,,2,0,0,0,1,0.3825,0.0786,0.1889,,0
54,true,0,1,84,59,FIRE A,naive,1,6,1,3,1,0,27,0.0000,0.0000,0.3010,,0
54,true,0,1,84,59,FIRE B,experienced,0,,1,1,0,0,11,0.3026,0.0539,0.3153,,0
54,true,0,1,84,59,FIRE B,naive,1,6,1,3,1,0,45,0.0000,0.0000,0.2488,6,1
54,true,0,1,84,59,HOT METAL,experienced,0,,1,109,3,3,1,0.0243,0.0022,0.3936,,0
54,true,0,1,84,59,HOT METAL,naive,1,6,1,3,1,0,64,0.0000,0.0000,0.2358,,0
54,true,0,1,84,59,ORANGE FLOWER,experienced,1,8,1,595,276,10,1,0.0720,0.0076,0.0748,8,220
54,true,0,1,84,59,ORANGE FLOWER,naive,1,6,1,428,92,29,19,0.0000,0.0000,0.0000,6,46
54,true,0,1,84,59,ROCK,experienced,1,6,1,595,278,9,1,0.0282,0.0031,0.0337,,0
54,true,0,1,84,59,ROCK,naive,1,6,1,435,89,27,17,0.0000,0.0000,0.0000,,0
54,true,0,1,84,59,FOOD,experienced,1,6,1,429,25,13,17,0.0220,0.0017,0.0327,6,7
54,true,0,1,84,59,FOOD,naive,1,6,1,451,43,16,21,0.0000,0.0000,0.0000,6,8
55,true,0,1,84,126,FIRE A,experienced,0,,3,0,0,0,3,0.3700,0.0064,0.1133,,0
55,true,0,1,84,126,FIRE A,naive,1,6,1,3,1,0,36,0.0000,0.0000,0.2873,,0
55,true,0,1,84,126,FIRE B,experienced,0,,1,2,0,0,12,0.2001,0.0023,0.3143,,0
55,true,0,1,84,126,FIRE B,naive,1,6,1,3,1,0,22,0.0000,0.0000,0.2234,6,1
55,true,0,1,84,126,HOT METAL,experienced,0,,1,83,1,1,2,0.0170,0.0001,0.2836,,0
55,true,0,1,84,126,HOT METAL,naive,1,6,1,3,1,0,50,0.0000,0.0000,0.2227,,0
55,true,0,1,84,126,ORANGE FLOWER,experienced,1,7,1,589,257,17,4,0.0552,0.0004,0.0650,7,203
55,true,0,1,84,126,ORANGE FLOWER,naive,1,6,1,404,90,23,22,0.0000,0.0000,0.0000,6,56
55,true,0,1,84,126,ROCK,experienced,1,6,1,590,255,15,4,0.0168,0.0001,0.0311,,0
55,true,0,1,84,126,ROCK,naive,1,6,1,410,93,26,21,0.0000,0.0000,0.0000,,0
55,true,0,1,84,126,FOOD,experienced,1,6,1,275,14,4,22,0.0211,0.0001,0.0311,6,7
55,true,0,1,84,126,FOOD,naive,1,6,1,356,39,17,33,0.0000,0.0000,0.0000,6,8
56,true,0,1,0,70,FIRE A,experienced,0,,1,1,0,0,12,0.3194,0.1640,0.5687,,0
56,true,0,1,0,70,FIRE A,naive,1,6,1,3,1,0,52,0.0000,0.0000,0.3365,,0
56,true,0,1,0,70,FIRE B,experienced,0,,1,1,0,0,18,0.1730,0.0816,0.2556,,0
56,true,0,1,0,70,FIRE B,naive,1,6,1,3,1,0,76,0.0000,0.0000,0.3007,6,1
56,true,0,1,0,70,HOT METAL,experienced,0,,1,56,2,2,4,0.0462,0.0089,0.3347,,0
56,true,0,1,0,70,HOT METAL,naive,1,6,1,3,1,0,82,0.0000,0.0000,0.2760,,0
56,true,0,1,0,70,ORANGE FLOWER,experienced,1,10,1,444,133,40,10,0.0808,0.0229,0.0912,10,83
56,true,0,1,0,70,ORANGE FLOWER,naive,1,6,1,386,123,42,21,0.0000,0.0000,0.0000,6,64
56,true,0,1,0,70,ROCK,experienced,1,6,1,411,107,40,9,0.0691,0.0152,0.0750,,0
56,true,0,1,0,70,ROCK,naive,1,6,1,382,121,40,17,0.0000,0.0000,0.0000,,0
56,true,0,1,0,70,FOOD,experienced,1,6,1,321,32,13,19,0.0602,0.0093,0.0648,6,7
56,true,0,1,0,70,FOOD,naive,1,6,1,455,68,28,31,0.0000,0.0000,0.0000,6,10
57,true,0,1,88,57,FIRE A,experienced,0,,2,0,0,0,5,0.4021,0.0751,0.2927,,0
57,true,0,1,88,57,FIRE A,naive,1,6,1,3,1,0,66,0.0000,0.0000,0.3270,,0
57,true,0,1,88,57,FIRE B,experienced,0,,1,1,0,0,10,0.3481,0.0617,0.3456,,0
57,true,0,1,88,57,FIRE B,naive,1,6,1,3,1,0,55,0.0000,0.0000,0.2726,6,1
57,true,0,1,88,57,HOT METAL,experienced,0,,1,80,3,3,0,0.0299,0.0024,0.4307,,0
57,true,0,1,88,57,HOT METAL,naive,1,6,1,3,1,0,85,0.0000,0.0000,0.2529,,0
57,true,0,1,88,57,ORANGE FLOWER,experienced,1,6,1,597,284,10,0,0.0848,0.0081,0.0947,6,263
57,true,0,1,88,57,ORANGE FLOWER,naive,1,6,1,432,114,34,20,0.0000,0.0000,0.0000,6,64
57,true,0,1,88,57,ROCK,experienced,1,7,1,591,270,16,3,0.0391,0.0040,0.0440,,0
57,true,0,1,88,57,ROCK,naive,1,6,1,432,114,34,20,0.0000,0.0000,0.0000,,0
57,true,0,1,88,57,FOOD,experienced,1,6,1,433,49,19,16,0.0255,0.0017,0.0387,6,8
57,true,0,1,88,57,FOOD,naive,1,6,1,437,59,21,33,0.0000,0.0000,0.0000,6,9
58,true,1,0,84,99,FIRE A,experienced,0,,2,0,0,0,2,0.2679,0.2447,0.2576,,0
58,true,1,0,84,99,FIRE A,naive,1,6,1,3,1,0,45,0.0000,0.0000,0.3426,,0
58,true,1,0,84,99,FIRE B,experienced,0,,1,7,0,0,2,0.1159,0.1102,0.4730,,0
58,true,1,0,84,99,FIRE B,naive,1,6,1,3,1,0,90,0.0000,0.0000,0.2889,6,1
58,true,1,0,84,99,HOT METAL,experienced,0,,1,78,6,6,1,0.0264,0.0285,0.4298,,0
58,true,1,0,84,99,HOT METAL,naive,1,6,1,3,1,0,63,0.0000,0.0000,0.2628,,0
58,true,1,0,84,99,ORANGE FLOWER,experienced,1,6,1,594,277,13,1,0.0668,0.0663,0.0761,6,236
58,true,1,0,84,99,ORANGE FLOWER,naive,1,6,1,422,133,36,17,0.0000,0.0000,0.0000,6,70
58,true,1,0,84,99,ROCK,experienced,1,6,1,594,279,11,0,0.0292,0.0312,0.0327,,0
58,true,1,0,84,99,ROCK,naive,1,6,1,422,133,36,17,0.0000,0.0000,0.0000,,0
58,true,1,0,84,99,FOOD,experienced,1,6,1,510,36,16,13,0.0214,0.0237,0.0300,6,8
58,true,1,0,84,99,FOOD,naive,1,6,1,499,73,32,27,0.0000,0.0000,0.0000,6,8
59,true,0,1,84,103,FIRE A,experienced,0,,2,0,0,0,2,0.3894,0.0049,0.3312,,0
59,true,0,1,84,103,FIRE A,naive,1,6,1,3,1,0,38,0.0000,0.0000,0.4006,,0
59,true,0,1,84,103,FIRE B,experienced,0,,2,0,0,0,13,0.1653,0.0013,0.2789,,0
59,true,0,1,84,103,FIRE B,naive,1,6,1,3,1,0,54,0.0000,0.0000,0.3502,6,1
59,true,0,1,84,103,HOT METAL,experienced,0,,1,25,1,1,4,0.0219,0.0001,0.4669,,0
59,true,0,1,84,103,HOT METAL,naive,1,6,1,3,1,0,90,0.0000,0.0000,0.3205,,0
59,true,0,1,84,103,ORANGE FLOWER,experienced,1,6,1,586,261,14,2,0.0653,0.0004,0.0822,6,193
59,true,0,1,84,103,ORANGE FLOWER,naive,1,6,1,409,100,34,17,0.0000,0.0000,0.0000,6,52
59,true,0,1,84,103,ROCK,experienced,1,6,1,585,260,13,2,0.0213,0.0001,0.0446,,0
59,true,0,1,84,103,ROCK,naive,1,6,1,409,100,35,16,0.0000,0.0000,0.0000,,0
59,true,0,1,84,103,FOOD,experienced,1,6,1,361,21,12,21,0.0245,0.0001,0.0446,6,7
59,true,0,1,84,103,FOOD,naive,1,6,1,488,64,30,33,0.0000,0.0000,0.0000,6,8
60,true,0,1,0,108,FIRE A,experienced,0,,3,0,0,0,1,0.4220,0.1893,0.1399,,0
60,true,0,1,0,108,FIRE A,naive,1,6,1,3,1,0,44,0.0000,0.0000,0.3743,,0
60,true,0,1,0,108,FIRE B,experienced,0,,2,0,0,0,10,0.3842,0.1910,0.2563,,0
60,true,0,1,0,108,FIRE B,naive,1,6,1,3,1,0,74,0.0000,0.0000,0.3196,6,1
60,true,0,1,0,108,HOT METAL,experienced,0,,1,19,1,1,8,0.0394,0.0086,0.3395,,0
60,true,0,1,0,108,HOT METAL,naive,1,6,1,3,1,0,77,0.0000,0.0000,0.2886,,0
60,true,0,1,0,108,ORANGE FLOWER,experienced,1,17,1,459,90,31,16,0.0911,0.0247,0.1236,17,49
60,true,0,1,0,108,ORANGE FLOWER,naive,1,6,1,430,120,34,15,0.0000,0.0000,0.0000,6,65
60,true,0,1,0,108,ROCK,experienced,1,13,1,439,89,25,14,0.0530,0.0159,0.1236,,0
60,true,0,1,0,108,ROCK,naive,1,6,1,453,123,31,13,0.0000,0.0000,0.0000,,0
60,true,0,1,0,108,FOOD,experienced,1,6,1,331,26,9,16,0.0558,0.0090,0.1236,6,7
60,true,0,1,0,108,FOOD,naive,1,6,1,464,59,16,28,0.0000,0.0000,0.0000,6,10
